Number of Elements (n)	 Time (sec)
10000	0.0001639
1500000	0.018068
5000000	0.0583637
10000000	0.121078
15000000	0.176649
20000000	0.235673
25000000	0.296537
30000000	0.352164
